-- phpMyAdmin SQL Dump
-- version 4.6.4
-- https://www.phpmyadmin.net/
--
-- Host: 127.0.0.1
-- Generation Time: 2022-12-22 15:20:06
-- 服务器版本： 5.7.14
-- PHP Version: 5.6.25

SET SQL_MODE = "NO_AUTO_VALUE_ON_ZERO";
SET time_zone = "+00:00";


/*!40101 SET @OLD_CHARACTER_SET_CLIENT=@@CHARACTER_SET_CLIENT */;
/*!40101 SET @OLD_CHARACTER_SET_RESULTS=@@CHARACTER_SET_RESULTS */;
/*!40101 SET @OLD_COLLATION_CONNECTION=@@COLLATION_CONNECTION */;
/*!40101 SET NAMES utf8mb4 */;

--
-- Database: `softwareengineera2`
--
CREATE DATABASE IF NOT EXISTS `softwareengineera2` DEFAULT CHARACTER SET utf8mb4 COLLATE utf8mb4_0900_ai_ci;
USE `softwareengineera2`;

-- --------------------------------------------------------

--
-- 表的结构 `lessons`
--

CREATE TABLE IF NOT EXISTS `lessons` (
  `id` int(11) NOT NULL AUTO_INCREMENT,
  `Lesson` int(11) NOT NULL,
  `Date` date NOT NULL,
  `courseId` int(11) NOT NULL,
  PRIMARY KEY (`id`)
) ENGINE=MyISAM AUTO_INCREMENT=37 DEFAULT CHARSET=utf8;

--
-- 转存表中的数据 `lessons`
--

INSERT INTO `lessons` (`id`, `Lesson`, `Date`, `courseId`) VALUES
(1, 1, '2022-12-18', 2),
(2, 1, '2022-12-08', 3),
(3, 1, '2022-12-20', 1),
(4, 1, '2022-12-20', 6),
(5, 1, '2022-12-14', 4),
(6, 1, '2022-12-14', 5),
(7, 2, '2022-12-19', 2),
(8, 2, '2022-12-09', 3),
(9, 2, '2022-12-21', 1),
(10, 2, '2022-12-21', 6),
(11, 2, '2022-12-15', 4),
(12, 2, '2022-12-15', 5),
(13, 3, '2022-12-20', 2),
(14, 3, '2022-12-10', 3),
(15, 3, '2022-12-22', 1),
(16, 3, '2022-12-22', 6),
(17, 3, '2022-12-16', 4),
(18, 3, '2022-12-16', 5),
(19, 4, '2022-12-21', 2),
(20, 4, '2022-12-11', 3),
(21, 4, '2022-12-23', 1),
(22, 4, '2022-12-23', 6),
(23, 4, '2022-12-17', 4),
(24, 4, '2022-12-17', 5),
(25, 5, '2022-12-22', 2),
(26, 5, '2022-12-12', 3),
(27, 5, '2022-12-24', 1),
(28, 5, '2022-12-24', 6),
(29, 5, '2022-12-18', 4),
(30, 5, '2022-12-18', 5),
(31, 6, '2022-12-23', 2),
(32, 6, '2022-12-13', 3),
(33, 6, '2022-12-25', 1),
(34, 6, '2022-12-25', 6),
(35, 6, '2022-12-19', 4),
(36, 6, '2022-12-19', 5);

-- --------------------------------------------------------

--
-- 表的结构 `studentinfo`
--

CREATE TABLE IF NOT EXISTS `studentinfo` (
  `student_id` varchar(10) NOT NULL,
  `Student_Name` varchar(255) NOT NULL,
  `Year` int(11) NOT NULL,
  PRIMARY KEY (`student_id`)
) ENGINE=MyISAM DEFAULT CHARSET=utf8;

--
-- 转存表中的数据 `studentinfo`
--

INSERT INTO `studentinfo` (`student_id`, `Student_Name`, `Year`) VALUES
('s101', 'Ink', 1),
('s102', 'Jet', 1),
('s103', 'Kit', 1),
('s201', 'Ark', 2),
('s202', 'Blue', 2),
('s203', 'Cyan', 2),
('s204', 'Dark', 2),
('s205', 'Elf', 2),
('s104', 'Light', 1),
('s206', 'Fire', 2),
('s207', 'Grey', 2),
('s208', 'Hatred', 2);

-- --------------------------------------------------------

--
-- 表的结构 `subject`
--

CREATE TABLE IF NOT EXISTS `subject` (
  `id` int(11) NOT NULL AUTO_INCREMENT,
  `course_name` varchar(255) NOT NULL,
  `start_time` time NOT NULL,
  `class size` int(11) NOT NULL,
  PRIMARY KEY (`id`)
) ENGINE=MyISAM AUTO_INCREMENT=29 DEFAULT CHARSET=utf8;

--
-- 转存表中的数据 `subject`
--

INSERT INTO `subject` (`id`, `course_name`, `start_time`, `class size`) VALUES
(1, 'Unity', '14:30:00', 8),
(2, 'ionic', '14:30:00', 8),
(3, 'CSharp', '14:30:00', 8),
(4, 'Python', '22:30:00', 8),
(5, 'Java', '14:30:00', 8),
(6, 'SQL', '22:30:00', 8);

-- --------------------------------------------------------

--
-- 表的结构 `teacherinfo`
--

CREATE TABLE IF NOT EXISTS `teacherinfo` (
  `teacher_id` varchar(8) NOT NULL,
  `Teacher_Name` varchar(255) NOT NULL,
  `Greeting` varchar(255) NOT NULL,
  PRIMARY KEY (`teacher_id`)
) ENGINE=MyISAM DEFAULT CHARSET=utf8;

--
-- 转存表中的数据 `teacherinfo`
--

INSERT INTO `teacherinfo` (`teacher_id`, `Teacher_Name`, `Greeting`) VALUES
('FT_H-CLT', 'Cheng Lok To', 'Terry'),
('PT_T-WWH', 'Woo Wing Hung', 'Charles'),
('PT_T-LPH', 'Lam Ping Him', 'Vincent'),
('PT_T-NWT', 'Ng Wing Ting', 'Stephen'),
('PT_T-FKH', 'Fung Kwok Ho', 'Dave');

-- --------------------------------------------------------

--
-- 表的结构 `testjson`
--

CREATE TABLE IF NOT EXISTS `testjson` (
  `id` int(11) NOT NULL AUTO_INCREMENT,
  `student` varchar(255) NOT NULL,
  `time` timestamp NOT NULL,
  `CourseId` varchar(255) NOT NULL,
  PRIMARY KEY (`id`)
) ENGINE=MyISAM AUTO_INCREMENT=1212 DEFAULT CHARSET=utf8;

--
-- 转存表中的数据 `testjson`
--

INSERT INTO `testjson` ( `student`, `time`, `CourseId`) VALUES
('s208', '2022-12-23 06:33:55', '2'),
('s207', '2022-12-23 06:23:48', '2'),
('s206', '2022-12-23 06:23:48', '2'),
('s205', '2022-12-23 04:34:48', '2'),
('s204', '2022-12-23 04:51:31', '2'),
('s203', '2022-12-23 03:52:16', '2'),
('s202', '2022-12-23 03:34:48', '2'),
('s201', '2022-12-23 06:33:42', '2'),
('s208', '2022-12-22 06:33:55', '2'),
('s207', '2022-12-22 06:23:48', '2'),
('s206', '2022-12-22 06:23:48', '2'),
('s204', '2022-12-22 04:34:48', '2'),
('s205', '2022-12-22 07:51:31', '2'),
('s203', '2022-12-22 03:52:16', '2'),
('s201', '2022-12-22 02:34:48', '2'),
('s202', '2022-12-22 06:33:42', '2'),
('s208', '2022-12-21 06:33:55', '2'),
('s207', '2022-12-21 06:23:48', '2'),
('s206', '2022-12-21 06:23:48', '2'),
('s205', '2022-12-21 04:34:48', '2'),
('s204', '2022-12-21 07:51:31', '2'),
('s203', '2022-12-21 03:52:16', '2'),
('s202', '2022-12-21 06:50:39', '2'),
('s201', '2022-12-21 06:33:42', '2'),
('s208', '2022-12-20 06:33:55', '2'),
('s207', '2022-12-20 06:23:48', '2'),
('s206', '2022-12-20 06:23:48', '2'),
('s205', '2022-12-20 04:34:48', '2'),
('s203', '2022-12-20 03:52:16', '2'),
('s202', '2022-12-20 03:34:48', '2'),
('s201', '2022-12-20 06:33:42', '2'),
('s208', '2022-12-19 06:33:55', '2'),
('s207', '2022-12-19 06:23:48', '2'),
('s204', '2022-12-19 04:34:48', '2'),
('s205', '2022-12-19 07:51:31', '2'),
('s203', '2022-12-19 03:52:16', '2'),
('s201', '2022-12-19 02:34:48', '2'),
('s202', '2022-12-19 06:33:42', '2'),
('s208', '2022-12-18 06:33:55', '2'),
('s207', '2022-12-18 06:23:48', '2'),
('s206', '2022-12-18 06:23:48', '2'),
('s205', '2022-12-18 04:34:48', '2'),
('s204', '2022-12-18 07:51:31', '2'),
('s203', '2022-12-18 03:52:16', '2'),
('s202', '2022-12-18 02:34:48', '2'),
('s201', '2022-12-18 06:33:42', '2'),
('s101', '2022-12-19 06:33:42', '5'),
('s104', '2022-12-08 07:51:31', '3'),
('s103', '2022-12-08 03:52:16', '3'),
('s102', '2022-12-08 02:34:48', '3'),
('s101', '2022-12-08 06:33:42', '3'),
('s102', '2022-12-19 02:34:48', '5'),
('s103', '2022-12-19 03:52:16', '5'),
('s104', '2022-12-19 07:51:31', '5'),
('s102', '2022-12-09 06:33:42', '3'),
('s101', '2022-12-09 02:34:48', '3'),
('s103', '2022-12-09 03:52:16', '3'),
('s102', '2022-12-18 06:33:42', '5'),
('s104', '2022-12-10 04:34:48', '3'),
('s101', '2022-12-18 02:34:48', '5'),
('s103', '2022-12-18 03:52:16', '5'),
('s101', '2022-12-10 06:33:42', '3'),
('s102', '2022-12-10 03:34:48', '3'),
('s103', '2022-12-10 03:52:16', '3'),
('s104', '2022-12-17 04:34:48', '5'),
('s101', '2022-12-17 06:33:42', '5'),
('s102', '2022-12-17 03:34:48', '5'),
('s103', '2022-12-17 03:52:16', '5'),
('s101', '2022-12-11 06:33:42', '3'),
( 's102', '2022-12-11 06:50:39', '3'),
('s103', '2022-12-11 03:52:16', '3'),
('s104', '2022-12-11 07:51:31', '3'),
( 's101', '2022-12-16 06:33:42', '5'),
('s102', '2022-12-16 06:50:39', '5'),
('s103', '2022-12-16 03:52:16', '5'),
('s104', '2022-12-16 07:51:31', '5'),
('s102', '2022-12-12 06:33:42', '3'),
( 's101', '2022-12-12 02:34:48', '3'),
( 's103', '2022-12-12 03:52:16', '3'),
( 's102', '2022-12-15 06:33:42', '5'),
( 's104', '2022-12-12 04:34:48', '3'),
( 's101', '2022-12-15 02:34:48', '5'),
( 's103', '2022-12-15 03:52:16', '5'),
( 's104', '2022-12-15 04:34:48', '5'),
('s101', '2022-12-13 06:33:42', '3'),
( 's102', '2022-12-13 03:34:48', '3'),
( 's103', '2022-12-13 03:52:16', '3'),
( 's104', '2022-12-13 04:51:31', '3'),
( 's101', '2022-12-14 06:33:42', '5'),
( 's102', '2022-12-14 03:34:48', '5'),
( 's103', '2022-12-14 03:52:16', '5'),
( 's104', '2022-12-14 04:51:31', '5'),
('s104', '2022-12-09 04:34:48', '3'),
( 's104', '2022-12-18 07:51:31', '5'),
( 's102', '2022-12-14 13:34:48', '4'),
( 's103', '2022-12-14 13:52:16', '4'),
( 's104', '2022-12-14 13:51:31', '4'),
( 's101', '2022-12-14 14:33:42', '4'),
( 's101', '2022-12-15 14:34:48', '4'),
( 's103', '2022-12-15 14:52:16', '4'),
( 's104', '2022-12-15 14:34:48', '4'),
( 's102', '2022-12-15 13:33:42', '4'),
( 's103', '2022-12-16 14:52:16', '4'),
( 's101', '2022-12-16 14:33:42', '4'),
('s102', '2022-12-16 13:50:39', '4'),
( 's104', '2022-12-16 13:51:31', '4'),
( 's102', '2022-12-17 14:34:48', '4'),
( 's103', '2022-12-17 13:52:16', '4'),
( 's104', '2022-12-17 14:34:48', '4'),
( 's101', '2022-12-17 14:33:42', '4'),
( 's101', '2022-12-18 14:34:48', '4'),
( 's103', '2022-12-18 14:52:16', '4'),
( 's102', '2022-12-18 14:33:42', '4'),
( 's104', '2022-12-18 14:51:31', '4'),
( 's102', '2022-12-19 13:34:48', '4'),
( 's103', '2022-12-19 13:52:16', '4'),
( 's101', '2022-12-19 14:33:42', '4'),
( 's104', '2022-12-19 13:51:31', '4'),
( 's201', '2022-12-14 14:33:42', '4'),
('s202', '2022-12-14 14:34:48', '4'),
('s203', '2022-12-14 13:52:16', '4'),
('s204', '2022-12-14 13:51:31', '4'),
( 's205', '2022-12-14 14:34:48', '4'),
('s206', '2022-12-14 14:23:48', '4'),
( 's207', '2022-12-14 14:23:48', '4'),
( 's208', '2022-12-14 14:33:55', '4'),
( 's202', '2022-12-15 14:33:42', '4'),
( 's201', '2022-12-15 13:34:48', '4'),
( 's203', '2022-12-15 13:52:16', '4'),
( 's205', '2022-12-15 13:51:31', '4'),
( 's204', '2022-12-15 14:34:48', '4'),
( 's207', '2022-12-15 14:23:48', '4'),
( 's208', '2022-12-15 14:33:55', '4'),
( 's201', '2022-12-16 14:33:42', '4'),
( 's202', '2022-12-16 14:34:48', '4'),
( 's203', '2022-12-16 13:52:16', '4'),
( 's205', '2022-12-16 14:34:48', '4'),
( 's206', '2022-12-16 14:23:48', '4'),
( 's207', '2022-12-16 14:23:48', '4'),
( 's208', '2022-12-16 14:33:55', '4'),
( 's201', '2022-12-17 14:33:42', '4'),
( 's202', '2022-12-17 13:50:39', '4'),
( 's203', '2022-12-17 13:52:16', '4'),
( 's204', '2022-12-17 13:51:31', '4'),
( 's205', '2022-12-17 14:34:48', '4'),
( 's206', '2022-12-17 14:23:48', '4'),
( 's207', '2022-12-17 14:23:48', '4'),
( 's208', '2022-12-17 14:33:55', '4'),
( 's202', '2022-12-18 14:33:42', '4'),
( 's201', '2022-12-18 13:34:48', '4'),
( 's203', '2022-12-18 13:52:16', '4'),
( 's205', '2022-12-18 13:51:31', '4'),
( 's204', '2022-12-18 14:34:48', '4'),
( 's206', '2022-12-18 14:23:48', '4'),
( 's207', '2022-12-18 14:23:48', '4'),
( 's208', '2022-12-18 14:33:55', '4'),
( 's201', '2022-12-19 14:33:42', '4'),
( 's202', '2022-12-19 14:34:48', '4'),
( 's203', '2022-12-19 13:52:16', '4'),
( 's204', '2022-12-19 13:51:31', '4'),
( 's205', '2022-12-19 14:34:48', '4'),
( 's206', '2022-12-19 14:23:48', '4'),
('s207', '2022-12-19 14:23:48', '4'),
( 's208', '2022-12-19 14:33:55', '4'),
( 's208', '2022-12-25 06:33:55', '1'),
( 's207', '2022-12-25 06:23:48', '1'),
('s206', '2022-12-25 06:23:48', '1'),
( 's205', '2022-12-25 04:34:48', '1'),
( 's204', '2022-12-25 04:51:31', '1'),
('s203', '2022-12-25 03:52:16', '1'),
( 's202', '2022-12-25 03:34:48', '1'),
( 's201', '2022-12-25 06:33:42', '1'),
( 's208', '2022-12-24 06:33:55', '1'),
( 's207', '2022-12-24 06:23:48', '1'),
( 's206', '2022-12-24 06:23:48', '1'),
( 's204', '2022-12-24 04:34:48', '1'),
( 's205', '2022-12-24 07:51:31', '1'),
('s203', '2022-12-24 03:52:16', '1'),
( 's201', '2022-12-24 02:34:48', '1'),
( 's202', '2022-12-24 06:33:42', '1'),
('s208', '2022-12-23 06:33:55', '1'),
( 's207', '2022-12-23 06:23:48', '1'),
( 's206', '2022-12-23 06:23:48', '1'),
( 's205', '2022-12-23 04:34:48', '1'),
( 's204', '2022-12-23 07:51:31', '1'),
( 's203', '2022-12-23 03:52:16', '1'),
('s202', '2022-12-23 06:50:39', '1'),
('s201', '2022-12-23 06:33:42', '1'),
('s208', '2022-12-22 06:33:55', '1'),
('s207', '2022-12-22 06:23:48', '1'),
('s206', '2022-12-22 06:23:48', '1'),
('s205', '2022-12-22 04:34:48', '1'),
('s203', '2022-12-22 03:52:16', '1'),
('s202', '2022-12-22 03:34:48', '1'),
('s201', '2022-12-22 06:33:42', '1'),
('s208', '2022-12-21 06:33:55', '1'),
('s207', '2022-12-21 06:23:48', '1'),
('s204', '2022-12-21 04:34:48', '1'),
('s205', '2022-12-21 07:51:31', '1'),
('s203', '2022-12-21 03:52:16', '1'),
('s201', '2022-12-21 02:34:48', '1'),
('s202', '2022-12-21 06:33:42', '1'),
('s208', '2022-12-20 06:33:55', '1'),
('s207', '2022-12-20 06:23:48', '1'),
('s206', '2022-12-20 06:23:48', '1'),
('s205', '2022-12-20 04:34:48', '1'),
('s204', '2022-12-20 07:51:31', '1'),
('s203', '2022-12-20 03:52:16', '1'),
('s202', '2022-12-20 02:34:48', '1'),
('s201', '2022-12-20 06:33:42', '1'),
('s208', '2022-12-25 14:33:55', '6'),
('s207', '2022-12-25 14:23:48', '6'),
('s206', '2022-12-25 14:23:48', '6'),
('s205', '2022-12-25 14:34:48', '6'),
('s204', '2022-12-25 14:51:31', '6'),
('s203', '2022-12-25 13:52:16', '6'),
('s202', '2022-12-25 14:34:48', '6'),
('s201', '2022-12-25 14:33:42', '6'),
('s208', '2022-12-24 14:33:55', '6'),
('s207', '2022-12-24 14:23:48', '6'),
('s206', '2022-12-24 14:23:48', '6'),
('s204', '2022-12-24 14:34:48', '6'),
('s205', '2022-12-24 14:51:31', '6'),
('s203', '2022-12-24 14:52:16', '5'),
('s201', '2022-12-24 14:34:48', '6'),
('s202', '2022-12-24 14:33:42', '6'),
('s208', '2022-12-23 14:33:55', '6'),
('s207', '2022-12-23 14:23:48', '6'),
('s206', '2022-12-23 14:23:48', '6'),
('s205', '2022-12-23 14:34:48', '6'),
('s204', '2022-12-23 13:51:31', '6'),
('s203', '2022-12-23 13:52:16', '6'),
('s202', '2022-12-23 13:50:39', '6'),
('s201', '2022-12-23 14:33:42', '6'),
('s208', '2022-12-22 14:33:55', '6'),
('s207', '2022-12-22 14:23:48', '6'),
('s206', '2022-12-22 14:23:48', '6'),
('s205', '2022-12-22 14:34:48', '6'),
('s203', '2022-12-22 13:52:16', '6'),
('s202', '2022-12-22 14:34:48', '6'),
('s201', '2022-12-22 14:33:42', '6'),
('s208', '2022-12-21 14:33:55', '6'),
('s207', '2022-12-21 14:23:48', '6'),
('s204', '2022-12-21 14:34:48', '6'),
('s205', '2022-12-21 13:51:31', '6'),
('s203', '2022-12-21 13:52:16', '6'),
('s201', '2022-12-21 14:34:48', '6'),
('s202', '2022-12-21 14:33:42', '6'),
('s208', '2022-12-20 14:33:55', '6'),
('s207', '2022-12-20 14:23:48', '6'),
('s206', '2022-12-20 14:23:48', '6'),
('s205', '2022-12-20 14:34:48', '6'),
('s204', '2022-12-20 13:51:31', '6'),
('s203', '2022-12-20 13:52:16', '6'),
('s202', '2022-12-20 14:34:48', '6'),
('s201', '2022-12-20 14:33:42', '6');

/*!40101 SET CHARACTER_SET_CLIENT=@OLD_CHARACTER_SET_CLIENT */;
/*!40101 SET CHARACTER_SET_RESULTS=@OLD_CHARACTER_SET_RESULTS */;
/*!40101 SET COLLATION_CONNECTION=@OLD_COLLATION_CONNECTION */;
